Tiếng Việt,English,日本語,Romaji
Thức dậy,Wake up,おきます,okimasu
Ngủ,Sleep,ねます,nemasu
Tắm vòi hoa sen,Take a shower,シャワーを あびます,shawaa o abimasu
Tắm bồn,Take a bath,おふろに はいります,ofuro ni hairimasu
Rửa mặt,Wash one's face,かおを あらいます,kao o araimasu
Đánh răng,Brush one's teeth,はを みがきます,ha o migakimasu
Trang điểm,Put on makeup,おけしょう（を）します,okeshoo (o) shimasu
Cạo râu,Shave,ひげを そります,hige o sorimasu
Mặc quần áo,Get dressed,ふくを きます,fuku o kimasu
Cởi quần áo,Take off clothes,ふくを ぬぎます,fuku o nugimasu
Đi đến...,Go to...,～に いきます,~ ni ikimasu
Về nhà,Go home,うちにかえります,uchi ni kaerimasu
Làm việc,Work,しごと（を）します,shigoto (o) shimasu
Học,Study,べんきょう（を）します,benkyoo (o) shimasu
Làm thêm giờ,Work overtime,ざんぎょう（を）します,zangyoo (o) shimasu
Làm thêm,Work part-time,アルバイト（を）します,arubaito (o) shimasu
Dùng bữa,Have a meal,しょくじ（を）します,shokuji (o) shimasu
Ăn sáng,Have breakfast,あさごはんを たべます,asa-gohan o tabemasu
Ăn trưa,Have lunch,ひるごはんを たべます,hiru-gohan o tabemasu
Ăn tối,Have dinner,ばんごはんを たべます,ban-gohan o tabemasu
Mua sắm,Go shopping,かいもの（を）します,kaimono (o) shimasu
Giặt quần áo,Do the laundry,せんたく（を）します,sentaku (o) shimasu
Lau dọn,Clean,そうじ（を）します,sooji (o) shimasu
Nấu ăn,Cook,りょうり（を）します,ryoori (o) shimasu
Làm việc nhà,Do housework,かじ（を）します,kaji (o) shimasu
Chăm sóc...,Take care of...,～のせわをします,~ no sewa o shimasu
Dọn dẹp / Sắp xếp,Tidy up / Put away,かたづけます,katazukemasu
Giúp đỡ,Help,てつだいます,tetsudaimasu
Chơi,Play,あそびます,asobimasu
Gửi email,Send an email,メール（を）します,E-meeru (o) shimasu
Nghỉ ngơi,Rest,やすみます,yasumimasu
Sử dụng Internet,Use the Internet,インターネット（を）します,intaanetto (o) shimasu
Thong thả,Take it easy / Relax,ゆっくりします,yukkuri-shimasu
Chơi game,Play games,ゲーム（を）します,geemu (o) shimasu
Gọi điện thoại,Make a phone call,でんわ（を）します,denwa (o) shimasu
Cầu nguyện,Pray,おいのり（を）します,oinori (o) shimasu
Hút thuốc lá,Smoke cigarettes,たばこをすいます,tabako o suimasu
Vận động,Exercise,うんどう（を）します,undoo (o) shimasu
Đi dạo,Take a walk,さんぽ（を）します,sanpo (o) shimasu
Tập Yoga,Do yoga,ヨガ（を）します,yoga (o) shimasu
Bạn đến,A friend comes,ともだちがきます,tomodachi ga kimasu
Nói chuyện phiếm với...,Chat with...,～とおしゃべり（を）します,~ to oshaberi (o) shimasu
Đọc báo,Read the newspaper,しんぶんをよみます,shinbun o yomimasu
Tạp chí,Magazine,ざっし,zasshi
Xem ti vi,Watch TV,テレビをみます,terebi o mimasu
Nghe nhạc,Listen to music,おんがくを ききます,ongaku o kikimasu
Viết nhật ký,Write a diary,にっきをかきます,nikki o kakimasu
Bận,Busy,いそがしい,isogashii
Buồn ngủ,Sleepy,ねむい,nemui
Rảnh rỗi,Free / Have free time,ひま,hima
Buổi hòa nhạc,Concert,コンサート,konsaato
Tennis,Tennis,テニス,tenisu
Bảo tàng,Museum,はくぶつかん,hakubutsukan
Bảo tàng mỹ thuật,Art museum,びじゅつかん,bijutsukan
Sinh nhật,Birthday,たんじょうび,tanjoobi
Bữa tiệc,Party,パーティー,paathii
Tặng / Cho,Give,～をあげます,~ o agemasu
Nhận,Receive,～をもらいます,~ o moraimasu
Thiệp,Card,カード,kaado
Quà tặng,Gift / Present,プレゼント,purezento
